Division,State,Party,Senate Vote
Bean,ACT,ALP,0.3288539221710705
Bean,ACT,GRN,0.08270457040969487
Bean,ACT,L/NP,0.2717263193947758
Bean,ACT,UAPP,0.023955111867753277
Canberra,ACT,ALP,0.3267152604144595
Canberra,ACT,GRN,0.13064160698393865
Canberra,ACT,L/NP,0.20251515023096156
Canberra,ACT,UAPP,0.014832393948383269
Fenner,ACT,ALP,0.3462319790301442
Fenner,ACT,GRN,0.09631935342944517
Fenner,ACT,L/NP,0.26922236784622106
Fenner,ACT,UAPP,0.025491480996068152
Banks,NSW,ALP,0.34029910605916686
Banks,NSW,GRN,0.08535182429366009
Banks,NSW,L/NP,0.3914447645885445
Banks,NSW,ON,0.03145151927724831
Banks,NSW,UAPP,0.045182534908020135
Barton,NSW,ALP,0.40083079244000125
Barton,NSW,GRN,0.12532004632039692
Barton,NSW,L/NP,0.2742783685871217
Barton,NSW,ON,0.034336587801587215
Barton,NSW,UAPP,0.04749965472181202
Bennelong,NSW,ALP,0.3414443457781553
Bennelong,NSW,GRN,0.12251457472684453
Bennelong,NSW,L/NP,0.39299640940504227
Bennelong,NSW,ON,0.01736419443264739
Bennelong,NSW,UAPP,0.025597467279255628
Berowra,NSW,ALP,0.2317392338805615
Berowra,NSW,GRN,0.14957225170426922
Berowra,NSW,L/NP,0.4599716558565828
Berowra,NSW,ON,0.026926936246366467
Berowra,NSW,UAPP,0.02503387849258811
Blaxland,NSW,ALP,0.45695255517249467
Blaxland,NSW,GRN,0.05979267806468257
Blaxland,NSW,L/NP,0.28253476863903937
Blaxland,NSW,ON,0.031004479467154483
Blaxland,NSW,UAPP,0.05185393653697319
Bradfield,NSW,ALP,0.24502265690676836
Bradfield,NSW,GRN,0.15228311906665848
Bradfield,NSW,L/NP,0.4516515962354678
Bradfield,NSW,ON,0.013122552336429436
Bradfield,NSW,UAPP,0.020114412253183243
Calare,NSW,ALP,0.22228100462215292
Calare,NSW,GRN,0.07787121085556237
Calare,NSW,L/NP,0.4161793915093464
Calare,NSW,ON,0.06833918063522118
Calare,NSW,UAPP,0.03023890404856045
Chifley,NSW,ALP,0.41210750453369194
Chifley,NSW,GRN,0.06248344438331602
Chifley,NSW,L/NP,0.297481508649673
Chifley,NSW,ON,0.04033457627809361
Chifley,NSW,UAPP,0.049840047272653176
Cook,NSW,ALP,0.22622914550629028
Cook,NSW,GRN,0.0903569022214624
Cook,NSW,L/NP,0.510876014441014
Cook,NSW,ON,0.03377950301189674
Cook,NSW,UAPP,0.038164100604390634
Cowper,NSW,ALP,0.23121463932107497
Cowper,NSW,GRN,0.1134016973125884
Cowper,NSW,L/NP,0.4016973125884017
Cowper,NSW,ON,0.06444483734087694
Cowper,NSW,UAPP,0.025636492220650637
Cunningham,NSW,ALP,0.35036789681666397
Cunningham,NSW,GRN,0.1937270961507181
Cunningham,NSW,L/NP,0.24988278970080277
Cunningham,NSW,ON,0.03860763732741381
Cunningham,NSW,UAPP,0.034378498368624
Dobell,NSW,ALP,0.3295748111026941
Dobell,NSW,GRN,0.08873803002933008
Dobell,NSW,L/NP,0.348406270030884
Dobell,NSW,ON,0.061729114464969016
Dobell,NSW,UAPP,0.03123361109492454
Eden-Monaro,NSW,ALP,0.3080921553693831
Eden-Monaro,NSW,GRN,0.11146230007616147
Eden-Monaro,NSW,L/NP,0.36923076923076925
Eden-Monaro,NSW,ON,0.03860434120335111
Eden-Monaro,NSW,UAPP,0.024076542269611576
Farrer,NSW,ALP,0.19299256612689447
Farrer,NSW,GRN,0.07387771566876045
Farrer,NSW,L/NP,0.4707639409131946
Farrer,NSW,ON,0.061900920109875336
Farrer,NSW,UAPP,0.028486909083924008
Fowler,NSW,ALP,0.3770359583286658
Fowler,NSW,GRN,0.06115156267503081
Fowler,NSW,L/NP,0.29786042343452446
Fowler,NSW,ON,0.03501736305589784
Fowler,NSW,UAPP,0.06773832194466226
Gilmore,NSW,ALP,0.29317922551091696
Gilmore,NSW,GRN,0.11859640434732625
Gilmore,NSW,L/NP,0.3840521396167349
Gilmore,NSW,ON,0.043756245523120595
Gilmore,NSW,UAPP,0.026998346318125945
Grayndler,NSW,ALP,0.41119366022783554
Grayndler,NSW,GRN,0.2758791480931154
Grayndler,NSW,L/NP,0.17761267954432888
Grayndler,NSW,ON,0.012382367508667657
Grayndler,NSW,UAPP,0.015027241208519069
Greenway,NSW,ALP,0.3622427440633245
Greenway,NSW,GRN,0.07954265611257695
Greenway,NSW,L/NP,0.373438874230431
Greenway,NSW,ON,0.029683377308707123
Greenway,NSW,UAPP,0.03461741424802111
Hughes,NSW,ALP,0.2678669125245689
Hughes,NSW,GRN,0.09626957913720087
Hughes,NSW,L/NP,0.4422504103260319
Hughes,NSW,ON,0.031346882535308304
Hughes,NSW,UAPP,0.04436586897935199
Hume,NSW,ALP,0.2257951925638129
Hume,NSW,GRN,0.0694111487696674
Hume,NSW,L/NP,0.43046485354495606
Hume,NSW,ON,0.07021942997804782
Hume,NSW,UAPP,0.04409725092539013
Hunter,NSW,ALP,0.32689407796703934
Hunter,NSW,GRN,0.07309521472611602
Hunter,NSW,L/NP,0.3143219151802843
Hunter,NSW,ON,0.07441578257028901
Hunter,NSW,UAPP,0.03756480151329937
Kingsford Smith,NSW,ALP,0.3664519692650642
Kingsford Smith,NSW,GRN,0.16883501178698598
Kingsford Smith,NSW,L/NP,0.3037688764388507
Kingsford Smith,NSW,ON,0.023751516526439344
Kingsford Smith,NSW,UAPP,0.028397265813795213
Lindsay,NSW,ALP,0.27971389017074294
Lindsay,NSW,GRN,0.0707152745731426
Lindsay,NSW,L/NP,0.41574526995846794
Lindsay,NSW,ON,0.0529026303645593
Lindsay,NSW,UAPP,0.03778495616059068
Lyne,NSW,ALP,0.22054569124507287
Lyne,NSW,GRN,0.08100386938126063
Lyne,NSW,L/NP,0.4369779047481286
Lyne,NSW,ON,0.06974830940585108
Lyne,NSW,UAPP,0.03413734495353126
Macarthur,NSW,ALP,0.3536232632611952
Macarthur,NSW,GRN,0.062169653771327237
Macarthur,NSW,L/NP,0.33409947833273074
Macarthur,NSW,ON,0.05916533236919581
Macarthur,NSW,UAPP,0.05418969405850249
Mackellar,NSW,ALP,0.20273975344220302
Mackellar,NSW,GRN,0.1607028498238873
Mackellar,NSW,L/NP,0.4502781780339417
Mackellar,NSW,ON,0.023585094460454693
Mackellar,NSW,UAPP,0.027297470381043867
Macquarie,NSW,ALP,0.30972171291203193
Macquarie,NSW,GRN,0.1255958929226256
Macquarie,NSW,L/NP,0.35834046367599726
Macquarie,NSW,ON,0.043281179969848836
Macquarie,NSW,UAPP,0.030344701136780346
McMahon,NSW,ALP,0.36097122915506247
McMahon,NSW,GRN,0.05696195337099726
McMahon,NSW,L/NP,0.32954041672823997
McMahon,NSW,ON,0.0458901228814041
McMahon,NSW,UAPP,0.06799968171329188
Mitchell,NSW,ALP,0.24723552662171588
Mitchell,NSW,GRN,0.10486863520111601
Mitchell,NSW,L/NP,0.49521506626365963
Mitchell,NSW,ON,0.025594047895838176
Mitchell,NSW,UAPP,0.028663101604278075
New England,NSW,ALP,0.19350257056552442
New England,NSW,GRN,0.07528656304386964
New England,NSW,L/NP,0.45236952129468483
New England,NSW,ON,0.05581227870131429
New England,NSW,UAPP,0.026925923703214706
Newcastle,NSW,ALP,0.37351591454610666
Newcastle,NSW,GRN,0.19340242971573612
Newcastle,NSW,L/NP,0.24780893348170355
Newcastle,NSW,ON,0.03524099432575848
Newcastle,NSW,UAPP,0.019689710034302952
North Sydney,NSW,ALP,0.28493543758967
North Sydney,NSW,GRN,0.16901004304160688
North Sydney,NSW,L/NP,0.39937663879681395
North Sydney,NSW,ON,0.011665759659624993
North Sydney,NSW,UAPP,0.016187602038292188
Page,NSW,ALP,0.23164738029305507
Page,NSW,GRN,0.1288213611106017
Page,NSW,L/NP,0.3928276696803536
Page,NSW,ON,0.058913605604357315
Page,NSW,UAPP,0.029241321131874783
Parkes,NSW,ALP,0.20726026953129223
Parkes,NSW,GRN,0.04545503669040646
Parkes,NSW,L/NP,0.4426624590677719
Parkes,NSW,ON,0.06718829365293794
Parkes,NSW,UAPP,0.024618776410067978
Parramatta,NSW,ALP,0.38118563874199834
Parramatta,NSW,GRN,0.08920679098246591
Parramatta,NSW,L/NP,0.34785416086835513
Parramatta,NSW,ON,0.026930141942666297
Parramatta,NSW,UAPP,0.04015585861397161
Paterson,NSW,ALP,0.33669568818976453
Paterson,NSW,GRN,0.07729677024100232
Paterson,NSW,L/NP,0.34006091931211224
Paterson,NSW,ON,0.06361149701012157
Paterson,NSW,UAPP,0.031900665280306495
Reid,NSW,ALP,0.36620644312952005
Reid,NSW,GRN,0.1095606778729626
Reid,NSW,L/NP,0.37733423611724415
Reid,NSW,ON,0.021578498042332715
Reid,NSW,UAPP,0.025307388108765837
Richmond,NSW,ALP,0.2518409001449679
Richmond,NSW,GRN,0.21332360480410134
Richmond,NSW,L/NP,0.314570712646768
Richmond,NSW,ON,0.043615172665393
Richmond,NSW,UAPP,0.029723216943001698
Riverina,NSW,ALP,0.20702193376862024
Riverina,NSW,GRN,0.06136372522187903
Riverina,NSW,L/NP,0.45567306564491533
Riverina,NSW,ON,0.06220432419752121
Riverina,NSW,UAPP,0.02449466317394534
Robertson,NSW,ALP,0.31917423583840443
Robertson,NSW,GRN,0.11461174895330596
Robertson,NSW,L/NP,0.37687980255203496
Robertson,NSW,ON,0.03817060863135386
Robertson,NSW,UAPP,0.02968714090150584
Shortland,NSW,ALP,0.3525701701856395
Shortland,NSW,GRN,0.10129039735738984
Shortland,NSW,L/NP,0.3199238897367048
Shortland,NSW,ON,0.05311298703807445
Shortland,NSW,UAPP,0.028309540827167887
Sydney,NSW,ALP,0.37290188781641276
Sydney,NSW,GRN,0.27033182152963525
Sydney,NSW,L/NP,0.20414195449083228
Sydney,NSW,ON,0.013034461371477303
Sydney,NSW,UAPP,0.018093189130519053
Warringah,NSW,ALP,0.23945762425037284
Warringah,NSW,GRN,0.1857065797962918
Warringah,NSW,L/NP,0.4126942155753223
Warringah,NSW,ON,0.016087237035548457
Warringah,NSW,UAPP,0.021766951886363396
Watson,NSW,ALP,0.43131406015206225
Watson,NSW,GRN,0.08984681633660035
Watson,NSW,L/NP,0.27216453226276716
Watson,NSW,ON,0.03608675174378182
Watson,NSW,UAPP,0.05039585529414403
Wentworth,NSW,ALP,0.22712049136590184
Wentworth,NSW,GRN,0.20546996514571814
Wentworth,NSW,L/NP,0.4292866793065474
Wentworth,NSW,ON,0.012227381614650151
Wentworth,NSW,UAPP,0.019096059309045083
Werriwa,NSW,ALP,0.35709232739995794
Werriwa,NSW,GRN,0.06087604917499952
Werriwa,NSW,L/NP,0.3294935280959027
Werriwa,NSW,ON,0.04016022025505229
Werriwa,NSW,UAPP,0.06749134848861442
Whitlam,NSW,ALP,0.3540249174586381
Whitlam,NSW,GRN,0.09935061381587348
Whitlam,NSW,L/NP,0.3001313365316211
Whitlam,NSW,ON,0.05480564017438573
Whitlam,NSW,UAPP,0.042529322704802905
Lingiari,NT,ALP,0.3312981871223171
Lingiari,NT,GRN,0.10352156699312356
Lingiari,NT,L/NP,0.3485934569702021
Lingiari,NT,UAPP,0.006001250260470932
Solomon,NT,ALP,0.32832976791845686
Solomon,NT,GRN,0.13912308770920595
Solomon,NT,L/NP,0.28973340284394267
Solomon,NT,UAPP,0.0054829489276790044
Blair,QLD,ALP,0.2936104666998525
Blair,QLD,GRN,0.10757858947506833
Blair,QLD,L/NP,0.27026138572944747
Blair,QLD,ON,0.094034995444769
Blair,QLD,UAPP,0.04895229686957012
Bonner,QLD,ALP,0.2785519931303475
Bonner,QLD,GRN,0.15611906018188026
Bonner,QLD,L/NP,0.37509957892340956
Bonner,QLD,ON,0.04121791489493777
Bonner,QLD,UAPP,0.02624745233144004
Bowman,QLD,ALP,0.25599905549925717
Bowman,QLD,GRN,0.11778711346799028
Bowman,QLD,L/NP,0.37374681476963034
Bowman,QLD,ON,0.06037917769404079
Bowman,QLD,UAPP,0.046388760441160554
Brisbane,QLD,ALP,0.24724856998045036
Brisbane,QLD,GRN,0.265594453696329
Brisbane,QLD,L/NP,0.34312323510245457
Brisbane,QLD,ON,0.01836398522916516
Brisbane,QLD,UAPP,0.016725798276735936
Capricornia,QLD,ALP,0.2629394899652935
Capricornia,QLD,GRN,0.05546573541141219
Capricornia,QLD,L/NP,0.3383129621246416
Capricornia,QLD,ON,0.13280087951885144
Capricornia,QLD,UAPP,0.03970768932289982
Dawson,QLD,ALP,0.22790692647710448
Dawson,QLD,GRN,0.06072690723989236
Dawson,QLD,L/NP,0.3648801997211685
Dawson,QLD,ON,0.13256384484864206
Dawson,QLD,UAPP,0.04125193182677863
Dickson,QLD,ALP,0.2754778972520908
Dickson,QLD,GRN,0.13513540422142573
Dickson,QLD,L/NP,0.3697232178414974
Dickson,QLD,ON,0.05400238948626045
Dickson,QLD,UAPP,0.027080844285145362
Fadden,QLD,ALP,0.2068834007720571
Fadden,QLD,GRN,0.09550253476582485
Fadden,QLD,L/NP,0.40615785312311053
Fadden,QLD,ON,0.07305706711315753
Fadden,QLD,UAPP,0.0592902655690433
Fairfax,QLD,ALP,0.21229290549384794
Fairfax,QLD,GRN,0.1373648977149482
Fairfax,QLD,L/NP,0.37881932757395564
Fairfax,QLD,ON,0.06656008078088185
Fairfax,QLD,UAPP,0.05185309847039904
Fisher,QLD,ALP,0.21252973102035944
Fisher,QLD,GRN,0.1329837546949758
Fisher,QLD,L/NP,0.3863150064742454
Fisher,QLD,ON,0.07392578035319075
Fisher,QLD,UAPP,0.049286914677711145
Flynn,QLD,ALP,0.259899099641793
Flynn,QLD,GRN,0.045512730871421964
Flynn,QLD,L/NP,0.33897357013005175
Flynn,QLD,ON,0.12680313673181803
Flynn,QLD,UAPP,0.05691511676688575
Forde,QLD,ALP,0.2626787771287603
Forde,QLD,GRN,0.09439636278377524
Forde,QLD,L/NP,0.32047870984841537
Forde,QLD,ON,0.07942138903330377
Forde,QLD,UAPP,0.061245501901179444
Griffith,QLD,ALP,0.25154541131716596
Griffith,QLD,GRN,0.30532479277968916
Griffith,QLD,L/NP,0.29487287068893175
Griffith,QLD,ON,0.024232422403102943
Griffith,QLD,UAPP,0.018386432081153908
Groom,QLD,ALP,0.20146328984394987
Groom,QLD,GRN,0.07611153747761576
Groom,QLD,L/NP,0.4236786902020977
Groom,QLD,ON,0.09809158352519826
Groom,QLD,UAPP,0.04176004093118445
Herbert,QLD,ALP,0.21575449815058617
Herbert,QLD,GRN,0.0928468434580904
Herbert,QLD,L/NP,0.3951998829749441
Herbert,QLD,ON,0.07675589827179069
Herbert,QLD,UAPP,0.03172214908156228
Hinkler,QLD,ALP,0.2534639440581763
Hinkler,QLD,GRN,0.060081598451823995
Hinkler,QLD,L/NP,0.38261494109549415
Hinkler,QLD,ON,0.09985336219537742
Hinkler,QLD,UAPP,0.051792073578261696
Kennedy,QLD,ALP,0.19622029290537576
Kennedy,QLD,GRN,0.06481846882399368
Kennedy,QLD,L/NP,0.35151933701657456
Kennedy,QLD,ON,0.1218319740419188
Kennedy,QLD,UAPP,0.04866044023502587
Leichhardt,QLD,ALP,0.25854369239540115
Leichhardt,QLD,GRN,0.11633357615684287
Leichhardt,QLD,L/NP,0.30542974482416413
Leichhardt,QLD,ON,0.08159925674890993
Leichhardt,QLD,UAPP,0.040551526092969734
Lilley,QLD,ALP,0.33030625351208154
Lilley,QLD,GRN,0.17217227261780524
Lilley,QLD,L/NP,0.309183591554949
Lilley,QLD,ON,0.03466926226218191
Lilley,QLD,UAPP,0.023801878461908968
Longman,QLD,ALP,0.2807636097917428
Longman,QLD,GRN,0.08205151625867739
Longman,QLD,L/NP,0.33971501644135915
Longman,QLD,ON,0.07925648520277677
Longman,QLD,UAPP,0.04984472049689441
Maranoa,QLD,ALP,0.15708816369427434
Maranoa,QLD,GRN,0.04611408409922035
Maranoa,QLD,L/NP,0.46017566248780123
Maranoa,QLD,ON,0.1261273821141699
Maranoa,QLD,UAPP,0.05236629596662627
McPherson,QLD,ALP,0.2082968333081609
McPherson,QLD,GRN,0.13656547349342998
McPherson,QLD,L/NP,0.3697326687811509
McPherson,QLD,ON,0.06537783819161255
McPherson,QLD,UAPP,0.056094245582238335
Moncrieff,QLD,ALP,0.19787318624527928
Moncrieff,QLD,GRN,0.11294971178692109
Moncrieff,QLD,L/NP,0.4024746571258199
Moncrieff,QLD,ON,0.0627807592923872
Moncrieff,QLD,UAPP,0.05232558139534884
Moreton,QLD,ALP,0.3104576565751926
Moreton,QLD,GRN,0.20666423498616088
Moreton,QLD,L/NP,0.30610208766923425
Moreton,QLD,ON,0.028804685991374687
Moreton,QLD,UAPP,0.025221533246078915
Oxley,QLD,ALP,0.3463355617901357
Oxley,QLD,GRN,0.1349902483286574
Oxley,QLD,L/NP,0.285259853359894
Oxley,QLD,ON,0.04781969316131455
Oxley,QLD,UAPP,0.03541890468393112
Petrie,QLD,ALP,0.28548414132196004
Petrie,QLD,GRN,0.11015402380198536
Petrie,QLD,L/NP,0.3669658987205036
Petrie,QLD,ON,0.05075149460823571
Petrie,QLD,UAPP,0.04104818132717487
Rankin,QLD,ALP,0.35667719146809623
Rankin,QLD,GRN,0.10193535197510392
Rankin,QLD,L/NP,0.26806442087090837
Rankin,QLD,ON,0.06375076664470845
Rankin,QLD,UAPP,0.04686186766008677
Ryan,QLD,ALP,0.2168304244562486
Ryan,QLD,GRN,0.28155827773452513
Ryan,QLD,L/NP,0.35726463718697954
Ryan,QLD,ON,0.021799331828798375
Ryan,QLD,UAPP,0.016053847897428822
Wide Bay,QLD,ALP,0.20806390651016926
Wide Bay,QLD,GRN,0.0986178787042996
Wide Bay,QLD,L/NP,0.3828874383255187
Wide Bay,QLD,ON,0.09960875649944327
Wide Bay,QLD,UAPP,0.04371099057133809
Wright,QLD,ALP,0.19655855805085143
Wright,QLD,GRN,0.09110804286774306
Wright,QLD,L/NP,0.3593695699136822
Wright,QLD,ON,0.11991509106107996
Wright,QLD,UAPP,0.06505302112391632
Adelaide,SA,ALP,0.3656484772144496
Adelaide,SA,GRN,0.18716991317648118
Adelaide,SA,L/NP,0.3011831391425615
Adelaide,SA,ON,0.02287102433757704
Adelaide,SA,UAPP,0.021665392055423095
Barker,SA,ALP,0.2335397897897898
Barker,SA,GRN,0.06660097597597597
Barker,SA,L/NP,0.4789226726726727
Barker,SA,ON,0.06455518018018018
Barker,SA,UAPP,0.034299924924924924
Boothby,SA,ALP,0.3266124757024209
Boothby,SA,GRN,0.16737056016964127
Boothby,SA,L/NP,0.3729104081993285
Boothby,SA,ON,0.020622018024385933
Boothby,SA,UAPP,0.020542498674677504
Grey,SA,ALP,0.27442720445274676
Grey,SA,GRN,0.05865197666882696
Grey,SA,L/NP,0.42549845602531355
Grey,SA,ON,0.06240707559757539
Grey,SA,UAPP,0.04092485989859327
Hindmarsh,SA,ALP,0.38465302128353585
Hindmarsh,SA,GRN,0.12696730000815462
Hindmarsh,SA,L/NP,0.32015910552973265
Hindmarsh,SA,ON,0.03348827095055587
Hindmarsh,SA,UAPP,0.030081455507533956
Kingston,SA,ALP,0.3884616102596651
Kingston,SA,GRN,0.12825514756668968
Kingston,SA,L/NP,0.2874050290279826
Kingston,SA,ON,0.042403255614254516
Kingston,SA,UAPP,0.03436689129907222
Makin,SA,ALP,0.3867951422544045
Makin,SA,GRN,0.10106049375677062
Makin,SA,L/NP,0.3293802383260163
Makin,SA,ON,0.04087082121747724
Makin,SA,UAPP,0.0344565444628162
Mayo,SA,ALP,0.2705957517569732
Mayo,SA,GRN,0.15473616957963923
Mayo,SA,L/NP,0.3690650189481791
Mayo,SA,ON,0.03956799901977087
Mayo,SA,UAPP,0.03467560542276757
Spence,SA,ALP,0.4173015857879831
Spence,SA,GRN,0.08667003594961332
Spence,SA,L/NP,0.25344954180930496
Spence,SA,ON,0.07017326378624761
Spence,SA,UAPP,0.03990693150502055
Sturt,SA,ALP,0.29850131973336913
Sturt,SA,GRN,0.14989486869771396
Sturt,SA,L/NP,0.4110947076455062
Sturt,SA,ON,0.02260099315528117
Sturt,SA,UAPP,0.024247304612356285
Bass,TAS,ALP,0.2564138768479166
Bass,TAS,GRN,0.13720119170326023
Bass,TAS,L/NP,0.3585558363808367
Bass,TAS,ON,0.04501362551713427
Bass,TAS,UAPP,0.01578583228612174
Braddon,TAS,ALP,0.23445346217529384
Braddon,TAS,GRN,0.07483510219592301
Braddon,TAS,L/NP,0.3862815884476534
Braddon,TAS,ON,0.045316359490784726
Braddon,TAS,UAPP,0.016747645286501453
Clark,TAS,ALP,0.300705637673624
Clark,TAS,GRN,0.2642650226546832
Clark,TAS,L/NP,0.23433112976305429
Clark,TAS,ON,0.02213473965683726
Clark,TAS,UAPP,0.01176557973705712
Franklin,TAS,ALP,0.2965591603313907
Franklin,TAS,GRN,0.20064967857289093
Franklin,TAS,L/NP,0.28651371012870736
Franklin,TAS,ON,0.026000791625151842
Franklin,TAS,UAPP,0.016392100126933
Lyons,TAS,ALP,0.2660444175300483
Lyons,TAS,GRN,0.1076605099985519
Lyons,TAS,L/NP,0.3287476468187623
Lyons,TAS,ON,0.05385658429983808
Lyons,TAS,UAPP,0.019970774476376036
Aston,VIC,ALP,0.30440859885933497
Aston,VIC,GRN,0.1021293093773275
Aston,VIC,L/NP,0.3846632589554447
Aston,VIC,ON,0.02307857120994154
Aston,VIC,UAPP,0.041984226582188075
Ballarat,VIC,ALP,0.35475673238512934
Ballarat,VIC,GRN,0.1250973480345944
Ballarat,VIC,L/NP,0.2870844775997049
Ballarat,VIC,ON,0.03203262696233143
Ballarat,VIC,UAPP,0.03252449071607165
Bendigo,VIC,ALP,0.33946149682230997
Bendigo,VIC,GRN,0.12770905591531506
Bendigo,VIC,L/NP,0.28984141622727
Bendigo,VIC,ON,0.04432727199823573
Bendigo,VIC,UAPP,0.03074440145151266
Bruce,VIC,ALP,0.3675886404935976
Bruce,VIC,GRN,0.07705066982208511
Bruce,VIC,L/NP,0.3022757046866416
Bruce,VIC,ON,0.032244432235980225
Bruce,VIC,UAPP,0.07039470903942864
Calwell,VIC,ALP,0.4006828961321975
Calwell,VIC,GRN,0.07186724312733798
Calwell,VIC,L/NP,0.23587885003088183
Calwell,VIC,ON,0.03271142394331729
Calwell,VIC,UAPP,0.07464078031953945
Casey,VIC,ALP,0.2619212906379858
Casey,VIC,GRN,0.13392324615008555
Casey,VIC,L/NP,0.3510828648252261
Casey,VIC,ON,0.031170862869714006
Casey,VIC,UAPP,0.04684429234905891
Chisholm,VIC,ALP,0.36478279761122845
Chisholm,VIC,GRN,0.11948910198761153
Chisholm,VIC,L/NP,0.3585986681891212
Chisholm,VIC,ON,0.01341915665450724
Chisholm,VIC,UAPP,0.02414033527682063
Cooper,VIC,ALP,0.3587477057446045
Cooper,VIC,GRN,0.2429801059049387
Cooper,VIC,L/NP,0.16394168899390307
Cooper,VIC,ON,0.01803759414358347
Cooper,VIC,UAPP,0.033881141748064385
Corangamite,VIC,ALP,0.33549049318148494
Corangamite,VIC,GRN,0.14393665379539566
Corangamite,VIC,L/NP,0.3324404907375727
Corangamite,VIC,ON,0.02085145901559216
Corangamite,VIC,UAPP,0.028368932987927073
Corio,VIC,ALP,0.36756058355545607
Corio,VIC,GRN,0.13482002970679796
Corio,VIC,L/NP,0.26270169084582984
Corio,VIC,ON,0.029076037194538832
Corio,VIC,UAPP,0.039636193460435024
Deakin,VIC,ALP,0.30375627352572143
Deakin,VIC,GRN,0.13101866373902132
Deakin,VIC,L/NP,0.3830085476787955
Deakin,VIC,ON,0.01817361982434128
Deakin,VIC,UAPP,0.027750548933500627
Dunkley,VIC,ALP,0.3312940304041528
Dunkley,VIC,GRN,0.10661022535327318
Dunkley,VIC,L/NP,0.32860585836114203
Dunkley,VIC,ON,0.027479091995221028
Dunkley,VIC,UAPP,0.04778972520908005
Flinders,VIC,ALP,0.2516979068264307
Flinders,VIC,GRN,0.11688957390742306
Flinders,VIC,L/NP,0.41850544424004377
Flinders,VIC,ON,0.027315666484363347
Flinders,VIC,UAPP,0.0358375180231691
Fraser,VIC,ALP,0.3751836964038728
Fraser,VIC,GRN,0.15261929460580914
Fraser,VIC,L/NP,0.22354771784232366
Fraser,VIC,ON,0.01983921161825726
Fraser,VIC,UAPP,0.03602610650069156
Gellibrand,VIC,ALP,0.38161374953150934
Gellibrand,VIC,GRN,0.13203405257803716
Gellibrand,VIC,L/NP,0.2697649515446806
Gellibrand,VIC,ON,0.02126679873641377
Gellibrand,VIC,UAPP,0.0469775659902554
Gippsland,VIC,ALP,0.2394262410917974
Gippsland,VIC,GRN,0.07210344618739023
Gippsland,VIC,L/NP,0.4036904689802758
Gippsland,VIC,ON,0.07100316960410231
Gippsland,VIC,UAPP,0.044717662972159976
Goldstein,VIC,ALP,0.2549987978842763
Goldstein,VIC,GRN,0.15999158518993428
Goldstein,VIC,L/NP,0.42520836672543677
Goldstein,VIC,ON,0.010668777047603783
Goldstein,VIC,UAPP,0.02080661965058503
Gorton,VIC,ALP,0.38255026421273114
Gorton,VIC,GRN,0.06770650590624436
Gorton,VIC,L/NP,0.26653057318745815
Gorton,VIC,ON,0.03539493689728132
Gorton,VIC,UAPP,0.06761081517867586
Hawke,VIC,ALP,0.34489283303641577
Hawke,VIC,GRN,0.07902802828278357
Hawke,VIC,L/NP,0.2731125446759541
Hawke,VIC,ON,0.04515729255419207
Hawke,VIC,UAPP,0.06339282750378984
Higgins,VIC,ALP,0.27321971062252204
Higgins,VIC,GRN,0.1990525719581896
Higgins,VIC,L/NP,0.38381133824210906
Higgins,VIC,ON,0.008135523402502445
Higgins,VIC,UAPP,0.016044487925441532
Holt,VIC,ALP,0.37222246427326594
Holt,VIC,GRN,0.0685452248170094
Holt,VIC,L/NP,0.29762112234227955
Holt,VIC,ON,0.03343935169048449
Holt,VIC,UAPP,0.073904234925061
Hotham,VIC,ALP,0.3961193043582735
Hotham,VIC,GRN,0.10111234593858569
Hotham,VIC,L/NP,0.285175061824808
Hotham,VIC,ON,0.019924108170886773
Hotham,VIC,UAPP,0.047747774807517095
Indi,VIC,ALP,0.2298349149086346
Indi,VIC,GRN,0.08560112932319033
Indi,VIC,L/NP,0.4007430789741981
Indi,VIC,ON,0.0545643478942828
Indi,VIC,UAPP,0.026546937495098424
Isaacs,VIC,ALP,0.3408167215018386
Isaacs,VIC,GRN,0.12053212186650097
Isaacs,VIC,L/NP,0.33239281676224625
Isaacs,VIC,ON,0.019037820989477757
Isaacs,VIC,UAPP,0.04248622329968525
Jagajaga,VIC,ALP,0.34315027394969555
Jagajaga,VIC,GRN,0.16191066387306832
Jagajaga,VIC,L/NP,0.30574163150077216
Jagajaga,VIC,ON,0.016496001416472394
Jagajaga,VIC,UAPP,0.030434483233491703
Kooyong,VIC,ALP,0.2621818671488756
Kooyong,VIC,GRN,0.1767500913760268
Kooyong,VIC,L/NP,0.424609968643595
Kooyong,VIC,ON,0.007415885962718581
Kooyong,VIC,UAPP,0.01166727584017852
La Trobe,VIC,ALP,0.27021372959216683
La Trobe,VIC,GRN,0.08986995061142623
La Trobe,VIC,L/NP,0.39215390256001037
La Trobe,VIC,ON,0.037871762244699896
La Trobe,VIC,UAPP,0.05926628852416589
Lalor,VIC,ALP,0.3896218603367375
Lalor,VIC,GRN,0.08914159536295888
Lalor,VIC,L/NP,0.26773392216395253
Lalor,VIC,ON,0.028981507038365995
Lalor,VIC,UAPP,0.05864752967154292
Macnamara,VIC,ALP,0.2866424917851484
Macnamara,VIC,GRN,0.24557355083637292
Macnamara,VIC,L/NP,0.3022321001307996
Macnamara,VIC,ON,0.01107011070110701
Macnamara,VIC,UAPP,0.019311547582334613
Mallee,VIC,ALP,0.2070655203779232
Mallee,VIC,GRN,0.05029195152724392
Mallee,VIC,L/NP,0.4525199769177352
Mallee,VIC,ON,0.055221384349050794
Mallee,VIC,UAPP,0.057744784484023357
Maribyrnong,VIC,ALP,0.35278464765363304
Maribyrnong,VIC,GRN,0.14855628254494985
Maribyrnong,VIC,L/NP,0.28421459057279114
Maribyrnong,VIC,ON,0.019127821431925617
Maribyrnong,VIC,UAPP,0.03537551263187553
McEwen,VIC,ALP,0.3129608938547486
McEwen,VIC,GRN,0.11343016759776536
McEwen,VIC,L/NP,0.321608938547486
McEwen,VIC,ON,0.03929608938547486
McEwen,VIC,UAPP,0.045564245810055866
Melbourne,VIC,ALP,0.28712458569714716
Melbourne,VIC,GRN,0.35917769779784053
Melbourne,VIC,L/NP,0.1635555826673987
Melbourne,VIC,ON,0.007665873645255088
Melbourne,VIC,UAPP,0.01250533764411639
Menzies,VIC,ALP,0.3023361710552366
Menzies,VIC,GRN,0.11924371411601663
Menzies,VIC,L/NP,0.4042763809146704
Menzies,VIC,ON,0.016966937240150467
Menzies,VIC,UAPP,0.02858839833696298
Monash,VIC,ALP,0.26013186360358503
Monash,VIC,GRN,0.09652827856186258
Monash,VIC,L/NP,0.36971257855156076
Monash,VIC,ON,0.0599361285670135
Monash,VIC,UAPP,0.03772535283815803
Nicholls,VIC,ALP,0.20676453773276707
Nicholls,VIC,GRN,0.0493609114668409
Nicholls,VIC,L/NP,0.4503736524011761
Nicholls,VIC,ON,0.06571586082979418
Nicholls,VIC,UAPP,0.03879451159751715
Scullin,VIC,ALP,0.40935519565436074
Scullin,VIC,GRN,0.07498239613720954
Scullin,VIC,L/NP,0.2408711397243738
Scullin,VIC,ON,0.03869832008852228
Scullin,VIC,UAPP,0.0704858666130168
Wannon,VIC,ALP,0.24616470449844627
Wannon,VIC,GRN,0.09392920510131061
Wannon,VIC,L/NP,0.42028957093703745
Wannon,VIC,ON,0.03541705468910825
Wannon,VIC,UAPP,0.03267230647074393
Wills,VIC,ALP,0.3462085308056872
Wills,VIC,GRN,0.24011202068074106
Wills,VIC,L/NP,0.1686557518311073
Wills,VIC,ON,0.017233950883239983
Wills,VIC,UAPP,0.032442912537699264
Brand,WA,ALP,0.4325576254496493
Brand,WA,GRN,0.11982275275818412
Brand,WA,L/NP,0.222593999316734
Brand,WA,ON,0.044954884347179515
Brand,WA,UAPP,0.027772753762987077
Burt,WA,ALP,0.44551649471404914
Burt,WA,GRN,0.10534751411709761
Burt,WA,L/NP,0.22951428692735532
Burt,WA,ON,0.03778711841379018
Burt,WA,UAPP,0.023256060799048954
Canning,WA,ALP,0.33132186251325124
Canning,WA,GRN,0.09415518225556552
Canning,WA,L/NP,0.346153062056593
Canning,WA,ON,0.04922327326102911
Canning,WA,UAPP,0.027613552964201257
Cowan,WA,ALP,0.4142700287018666
Cowan,WA,GRN,0.11723460404908212
Cowan,WA,L/NP,0.2871053493344634
Cowan,WA,ON,0.026505884845799705
Cowan,WA,UAPP,0.02454105907961397
Curtin,WA,ALP,0.23856184729202085
Curtin,WA,GRN,0.20301903712145272
Curtin,WA,L/NP,0.4378070880116577
Curtin,WA,ON,0.012087357782053916
Curtin,WA,UAPP,0.013908868421544268
Durack,WA,ALP,0.3017370260822802
Durack,WA,GRN,0.10560903468674375
Durack,WA,L/NP,0.3345522990051089
Durack,WA,ON,0.06729766066146814
Durack,WA,UAPP,0.021952137671417047
Forrest,WA,ALP,0.2916700870136267
Forrest,WA,GRN,0.1431312592349368
Forrest,WA,L/NP,0.346853964866196
Forrest,WA,ON,0.04678008537186012
Forrest,WA,UAPP,0.01775160072237728
Fremantle,WA,ALP,0.3788577752965259
Fremantle,WA,GRN,0.19939470513912966
Fremantle,WA,L/NP,0.2482982203547537
Fremantle,WA,ON,0.025289180109501562
Fremantle,WA,UAPP,0.019608419279326928
Hasluck,WA,ALP,0.3639380530973451
Hasluck,WA,GRN,0.13011982144255618
Hasluck,WA,L/NP,0.29970044639360954
Hasluck,WA,ON,0.03649463544521889
Hasluck,WA,UAPP,0.02595152322029916
Moore,WA,ALP,0.3026106083341877
Moore,WA,GRN,0.14519120539084562
Moore,WA,L/NP,0.3749266028538675
Moore,WA,ON,0.028193824387425088
Moore,WA,UAPP,0.021585751167364133
O'Connor,WA,ALP,0.2723139002649964
O'Connor,WA,GRN,0.1092708584276881
O'Connor,WA,L/NP,0.3747289809684413
O'Connor,WA,ON,0.057124789207419896
O'Connor,WA,UAPP,0.017887256082871596
Pearce,WA,ALP,0.36873950260031974
Pearce,WA,GRN,0.11401946698504563
Pearce,WA,L/NP,0.2953942975089544
Pearce,WA,ON,0.042475261549669144
Pearce,WA,UAPP,0.02925106744642532
Perth,WA,ALP,0.3495061174093613
Perth,WA,GRN,0.2349777378680735
Perth,WA,L/NP,0.2713173943951809
Perth,WA,ON,0.018558012496726155
Perth,WA,UAPP,0.016790137314326336
Swan,WA,ALP,0.36308706664862045
Swan,WA,GRN,0.16586747616929948
Swan,WA,L/NP,0.30485894932229934
Swan,WA,ON,0.023879038651172683
Swan,WA,UAPP,0.01871652584156693
Tangney,WA,ALP,0.34688559961235704
Tangney,WA,GRN,0.1385000777114437
Tangney,WA,L/NP,0.37285950685232083
Tangney,WA,ON,0.016977664816829555
Tangney,WA,UAPP,0.015524003693579206
